trend,yhat_lower,yhat_upper,trend_lower,trend_upper,additive_terms,additive_terms_lower,additive_terms_upper,daily,daily_lower,daily_upper,multiplicative_terms,multiplicative_terms_lower,multiplicative_terms_upper,weekly,weekly_lower,weekly_upper,yhat
0.0,0.0,0.0,0.0,0.0,0.0,0.0,0.0,0.0,0.0,0.0,0.0,0.0,0.0,0.0,0.0,0.0,0.0
16.92264715781444,-12.16171139785287,13.672106509643733,16.92264715781444,16.92264715781444,-0.07165601839984685,-0.07165601839984685,-0.07165601839984685,-0.9606865790020125,-0.9606865790020125,-0.9606865790020125,-0.9606865790020125,-0.9606865790020125,-0.9606865790020125,-0.07165601839984685,-0.07165601839984685,-0.07165601839984685,0.5936311337157091
16.923596994229555,-10.919333564595911,15.6064850925331,16.923596994229555,16.923596994229555,-0.07028490750610863,-0.07028490750610863,-0.07028490750610863,-0.8616325600081971,-0.8616325600081971,-0.8616325600081971,-0.8616325600081971,-0.8616325600081971,-0.8616325600081971,-0.07028490750610863,-0.07028490750610863,-0.07028490750610863,2.2713898840384052
16.924546830644676,-7.795492982951906,18.052079441465985,16.924546830644676,16.924546830644676,-0.06821370696846393,-0.06821370696846393,-0.06821370696846393,-0.6914031156291393,-0.6914031156291393,-0.6914031156291393,-0.6914031156291393,-0.6914031156291393,-0.6914031156291393,-0.06821370696846393,-0.06821370696846393,-0.06821370696846393,5.154648714357209
16.925496667059793,-3.39986284397097,22.22840627506303,16.925496667059793,16.925496667059793,-0.06541602913173768,-0.06541602913173768,-0.06541602913173768,-0.4429880393649067,-0.4429880393649067,-0.4429880393649067,-0.4429880393649067,-0.4429880393649067,-0.4429880393649067,-0.06541602913173768,-0.06541602913173768,-0.06541602913173768,9.362288054109975
16.92644650347491,1.7423035383954752,27.107300096880174,16.92644650347491,16.92644650347491,-0.06186795757120844,-0.06186795757120844,-0.06186795757120844,-0.12220716454488718,-0.12220716454488718,-0.12220716454488718,-0.12220716454488718,-0.12220716454488718,-0.12220716454488718,-0.06186795757120844,-0.06186795757120844,-0.06186795757120844,14.796045512893311
16.92739633989003,7.249592049877581,33.76146822444589,16.92739633989003,16.92739633989003,-0.0575481334301807,-0.0575481334301807,-0.0575481334301807,0.2518446245743829,0.2518446245743829,0.2518446245743829,0.2518446245743829,0.2518446245743829,0.2518446245743829,-0.0575481334301807,-0.0575481334301807,-0.0575481334301807,21.132921982701237
16.928346176305148,14.252667991592258,41.12566067618109,16.928346176305148,16.928346176305148,-0.0524378336962872,-0.0524378336962872,-0.0524378336962872,0.6499958804061285,0.6499958804061285,0.6499958804061285,0.6499958804061285,0.6499958804061285,0.6499958804061285,-0.0524378336962872,-0.0524378336962872,-0.0524378336962872,27.879263619296044
16.92929601272027,21.69152796881755,46.82381469978215,16.92929601272027,16.92929601272027,-0.04652104105388652,-0.04652104105388652,-0.04652104105388652,1.039079267973501,1.039079267973501,1.039079267973501,1.039079267973501,1.039079267973501,1.039079267973501,-0.04652104105388652,-0.04652104105388652,-0.04652104105388652,34.47365547987047
16.930245849135385,27.355763522832625,54.01210579185174,16.930245849135385,16.930245849135385,-0.03978450517355403,-0.03978450517355403,-0.03978450517355403,1.389090374860407,1.389090374860407,1.389090374860407,1.389090374860407,1.389090374860407,1.389090374860407,-0.03978450517355403,-0.03978450517355403,-0.03978450517355403,40.40810289701615
16.931195685550506,32.474817681517976,58.58665437991211,16.931195685550506,16.931195685550506,-0.03221779518595369,-0.03221779518595369,-0.03221779518595369,1.6791735976340927,1.6791735976340927,1.6791735976340927,1.6791735976340927,1.6791735976340927,1.6791735976340927,-0.03221779518595369,-0.03221779518595369,-0.03221779518595369,45.32939466191722
16.932145521965623,35.858235049966915,62.634542751258074,16.932145521965623,16.932145521965623,-0.023813343207883825,-0.023813343207883825,-0.023813343207883825,1.9005330862010215,1.9005330862010215,1.9005330862010215,1.9005330862010215,1.9005330862010215,1.9005330862010215,-0.023813343207883825,-0.023813343207883825,-0.023813343207883825,49.088434963623875
16.93309535838074,38.96531791947433,64.59405528565502,16.93309535838074,16.93309535838074,-0.014566478754324765,-0.014566478754324765,-0.014566478754324765,2.0554156722478445,2.0554156722478445,2.0554156722478445,2.0554156722478445,2.0554156722478445,2.0554156722478445,-0.014566478754324765,-0.014566478754324765,-0.014566478754324765,51.72307845890942
16.93404519479586,40.841113507823785,65.71795806397655,16.93404519479586,16.93404519479586,-0.004475453951774278,-0.004475453951774278,-0.004475453951774278,2.1526944809594655,2.1526944809594655,2.1526944809594655,2.1526944809594655,2.1526944809594655,2.1526944809594655,-0.004475453951774278,-0.004475453951774278,-0.004475453951774278,53.38339537199929
16.93499503121098,40.0154268876313,67.42287678043027,16.93499503121098,16.93499503121098,0.0064585405546955885,0.0064585405546955885,0.0064585405546955885,2.201791399997681,2.201791399997681,2.201791399997681,2.201791399997681,2.201791399997681,2.201791399997681,0.0064585405546955885,0.0064585405546955885,0.0064585405546955885,54.22877999048947
16.9359448676261,41.83976978783745,67.13267624018751,16.9359448676261,16.9359448676261,0.01823136904899196,0.01823136904899196,0.01823136904899196,2.2072612318382085,2.2072612318382085,2.2072612318382085,2.2072612318382085,2.2072612318382085,2.2072612318382085,0.01823136904899196,0.01823136904899196,0.01823136904899196,54.33623076753547
16.93689470404122,40.278991009237686,66.61929320808999,16.93689470404122,16.93689470404122,0.03083595354389333,0.03083595354389333,0.03083595354389333,2.1660947681368885,2.1660947681368885,2.1660947681368885,2.1660947681368885,2.1660947681368885,2.1660947681368885,0.03083595354389333,0.03083595354389333,0.03083595354389333,53.65464966449417
16.93784454045634,38.726727786230875,65.08801488819374,16.93784454045634,16.93784454045634,0.04426228596824116,0.04426228596824116,0.04426228596824116,2.068773488547763,2.068773488547763,2.068773488547763,2.068773488547763,2.068773488547763,2.068773488547763,0.04426228596824116,0.04426228596824116,0.04426228596824116,52.02267056486412
16.938794376871453,36.07793796431653,61.56314993732033,16.938794376871453,16.938794376871453,0.05849744967771357,0.05849744967771357,0.05849744967771357,1.9037016826484938,1.9037016826484938,1.9037016826484938,1.9037016826484938,1.9037016826484938,1.9037016826484938,0.05849744967771357,0.05849744967771357,0.05849744967771357,49.2437031838362
16.939744213286573,32.394936187957974,58.4041429129017,16.939744213286573,16.939744213286573,0.07352565023048543,0.07352565023048543,0.07352565023048543,1.6633730925390307,1.6633730925390307,1.6633730925390307,1.6633730925390307,1.6633730925390307,1.6633730925390307,0.07352565023048543,0.07352565023048543,0.07352565023048543,45.190384582391694
16.940694049701694,26.66422278751667,52.09495714241346,16.940694049701694,16.940694049701694,0.0893282553404548,0.0893282553404548,0.0893282553404548,1.349966427857478,1.349966427857478,1.349966427857478,1.349966427857478,1.349966427857478,1.349966427857478,0.0893282553404548,0.0893282553404548,0.0893282553404548,39.89939053674437
16.94164388611681,20.402392597983283,47.226665201501575,16.94164388611681,16.94164388611681,0.10588384387114393,0.10588384387114393,0.10588384387114393,0.9782461469990904,0.9782461469990904,0.9782461469990904,0.9782461469990904,0.9782461469990904,0.9782461469990904,0.10588384387114393,0.10588384387114393,0.10588384387114393,33.62062558541242
16.94259372253193,13.037424359214537,40.55262860870427,16.94259372253193,16.94259372253193,0.12316826375587442,0.12316826375587442,0.12316826375587442,0.5745941753792911,0.5745941753792911,0.5745941753792911,0.5745941753792911,0.5745941753792911,0.5745941753792911,0.12316826375587442,0.12316826375587442,0.12316826375587442,26.800877655072398
16.94354355894705,6.843412186528011,33.151406780374415,16.94354355894705,16.94354355894705,0.14115469858701596,0.14115469858701596,0.14115469858701596,0.17235492999947286,0.17235492999947286,0.17235492999947286,0.17235492999947286,0.17235492999947286,0.17235492999947286,0.14115469858701596,0.14115469858701596,0.14115469858701596,20.005001521579402
16.944493395362166,0.45211053699837284,26.84392323144098,16.944493395362166,16.944493395362166,0.15981374277302043,0.15981374277302043,0.15981374277302043,-0.19506104937572077,-0.19506104937572077,-0.19506104937572077,-0.19506104937572077,-0.19506104937572077,-0.19506104937572077,0.15981374277302043,0.15981374277302043,0.15981374277302043,13.79909647529587
16.945443231777286,-4.502120107002753,22.01067158591398,16.945443231777286,16.945443231777286,0.17911348493363566,0.17911348493363566,0.17911348493363566,-0.5011514977067933,-0.5011514977067933,-0.5011514977067933,-0.5011514977067933,-0.5011514977067933,-0.5011514977067933,0.17911348493363566,0.17911348493363566,0.17911348493363566,8.63232246180029
16.946393068192403,-8.39327705653649,17.584898330923355,16.946393068192403,16.946393068192403,0.19901959934106736,0.19901959934106736,0.19901959934106736,-0.73127224000323,-0.73127224000323,-0.73127224000323,-0.73127224000323,-0.73127224000323,-0.73127224000323,0.19901959934106736,0.19901959934106736,0.19901959934106736,4.752985848581202
16.947342904607524,-10.480829215596037,15.809984179782361,16.947342904607524,16.947342904607524,0.2194954450654655,0.2194954450654655,0.2194954450654655,-0.8842372666840632,-0.8842372666840632,-0.8842372666840632,-0.8842372666840632,-0.8842372666840632,-0.8842372666840632,0.2194954450654655,0.2194954450654655,0.2194954450654655,2.18136618214528
16.948292741022644,-12.527106292992507,13.75668695412539,16.948292741022644,16.948292741022644,0.24050217259224657,0.24050217259224657,0.24050217259224657,-0.9704168504436095,-0.9704168504436095,-0.9704168504436095,-0.9704168504436095,-0.9704168504436095,-0.9704168504436095,0.24050217259224657,0.24050217259224657,0.24050217259224657,0.7418860514754073
16.949242577437765,-11.927977788116369,13.227561986510011,16.949242577437765,16.949242577437765,0.2619988374583644,0.2619988374583644,0.2619988374583644,-1.007303988154931,-1.007303988154931,-1.007303988154931,-1.007303988154931,-1.007303988154931,-1.007303988154931,0.2619988374583644,0.2619988374583644,0.2619988374583644,0.1382017704377059
16.967289469325017,-11.036378849455838,13.585831620104608,16.967289469325017,16.967289469325017,0.6983316326693721,0.6983316326693721,0.6983316326693721,-1.0047859174036016,-1.0047859174036016,-1.0047859174036016,-1.0047859174036016,-1.0047859174036016,-1.0047859174036016,0.6983316326693721,0.6983316326693721,0.6983316326693721,0.617127586706184
16.968239305740134,-11.156945594542298,15.205184900509702,16.968239305740134,16.968239305740134,0.7190388486746742,0.7190388486746742,0.7190388486746742,-0.9606865789988366,-0.9606865789988366,-0.9606865789988366,-0.9606865789988366,-0.9606865789988366,-0.9606865789988366,0.7190388486746742,0.7190388486746742,0.7190388486746742,1.3861183841497249
16.969189142155255,-10.585015010694537,16.638328444087726,16.969189142155255,16.969189142155255,0.7391469154437839,0.7391469154437839,0.7391469154437839,-0.8616325600061292,-0.8616325600061292,-0.8616325600061292,-0.8616325600061292,-0.8616325600061292,-0.8616325600061292,0.7391469154437839,0.7391469154437839,0.7391469154437839,3.0871301758155947
16.970138978570372,-6.443838172974615,19.167884746493456,16.970138978570372,16.970138978570372,0.7586065276389569,0.7586065276389569,0.7586065276389569,-0.6914031156244164,-0.6914031156244164,-0.6914031156244164,-0.6914031156244164,-0.6914031156244164,-0.6914031156244164,0.7586065276389569,0.7586065276389569,0.7586065276389569,5.995538543846423
16.971088814985492,-3.0304125669871382,22.926607068526657,16.971088814985492,16.971088814985492,0.7773698432119936,0.7773698432119936,0.7773698432119936,-0.44298803935684555,-0.44298803935684555,-0.44298803935684555,-0.44298803935684555,-0.44298803935684555,-0.44298803935684555,0.7773698432119936,0.7773698432119936,0.7773698432119936,10.230469298296171
16.972038651400613,1.97317431976523,29.634583619577377,16.972038651400613,16.972038651400613,0.7953906294092465,0.7953906294092465,0.7953906294092465,-0.12220716453447092,-0.12220716453447092,-0.12220716453447092,-0.12220716453447092,-0.12220716453447092,-0.12220716453447092,0.7953906294092465,0.7953906294092465,0.7953906294092465,15.693324560852744
16.97298848781573,9.08981244314474,35.79988086429244,16.97298848781573,16.97298848781573,0.8126244039426126,0.8126244039426126,0.8126244039426126,0.2518446245851447,0.2518446245851447,0.2518446245851447,0.2518446245851447,0.2518446245851447,0.2518446245851447,0.8126244039426126,0.8126244039426126,0.8126244039426126,22.060168805560277
16.97393832423085,16.794957138584607,41.676993907646,16.97393832423085,16.97393832423085,0.8290285708039246,0.8290285708039246,0.8290285708039246,0.6499958804207746,0.6499958804207746,0.6499958804207746,0.6499958804207746,0.6499958804207746,0.6499958804207746,0.8290285708039246,0.8290285708039246,0.8290285708039246,28.835956880301133
16.974888160645964,22.425299177954283,47.28943552735153,16.974888160645964,16.974888160645964,0.8445625503504217,0.8445625503504217,0.8445625503504217,1.0390792679855694,1.0390792679855694,1.0390792679855694,1.0390792679855694,1.0390792679855694,1.0390792679855694,0.8445625503504217,0.8445625503504217,0.8445625503504217,35.45770507509731
16.975837997061085,27.937537273692108,54.7756136645469,16.975837997061085,16.975837997061085,0.8591879032623013,0.8591879032623013,0.8591879032623013,1.3890903748351415,1.3890903748351415,1.3890903748351415,1.3890903748351415,1.3890903748351415,1.3890903748351415,0.8591879032623013,0.8591879032623013,0.8591879032623013,41.41599906680161
16.976787833476205,33.35255136058959,60.08274086398529,16.976787833476205,16.976787833476205,0.8728684479196921,0.8728684479196921,0.8728684479196921,1.679173597644252,1.679173597644252,1.679173597644252,1.679173597644252,1.679173597644252,1.679173597644252,0.8728684479196921,0.8728684479196921,0.8728684479196921,46.356630184177305
16.977737669891326,36.49951549809904,63.92978079462638,16.977737669891326,16.977737669891326,0.8855703708886095,0.8855703708886095,0.8855703708886095,1.9005330862100978,1.9005330862100978,1.9005330862100978,1.9005330862100978,1.9005330862100978,1.9005330862100978,0.8855703708886095,0.8855703708886095,0.8855703708886095,50.130060211403936
16.978687506306443,40.446242747070585,66.04325172304432,16.978687506306443,16.978687506306443,0.8972623301864859,0.8972623301864859,0.8972623301864859,2.055415672238104,2.055415672238104,2.055415672238104,2.055415672238104,2.055415672238104,2.055415672238104,0.8972623301864859,0.8972623301864859,0.8972623301864859,52.77421023098848
16.979637342721563,40.86582377270862,67.09597306343016,16.979637342721563,16.979637342721563,0.9079155509121617,0.9079155509121617,0.9079155509121617,2.152694480959139,2.152694480959139,2.152694480959139,2.152694480959139,2.152694480959139,2.152694480959139,0.9079155509121617,0.9079155509121617,0.9079155509121617,54.43952448999814
16.98058717913668,42.79369027322648,67.60958295040668,16.98058717913668,16.98058717913668,0.9175039130293416,0.9175039130293416,0.9175039130293416,2.2017913999985987,2.2017913999985987,2.2017913999985987,2.2017913999985987,2.2017913999985987,2.2017913999985987,0.9175039130293416,0.9175039130293416,0.9175039130293416,55.28580191011563
16.981537015551798,42.49378642514929,68.19905600949066,16.981537015551798,16.981537015551798,0.9260040310031922,0.9260040310031922,0.9260040310031922,2.2072612318395173,2.2072612318395173,2.2072612318395173,2.2072612318395173,2.2072612318395173,2.2072612318395173,0.9260040310031922,0.9260040310031922,0.9260040310031922,55.39022935803021
16.982486851966918,41.74097588428827,67.75415721489209,16.982486851966918,16.982486851966918,0.9333953250138375,0.9333953250138375,0.9333953250138375,2.166094768135533,2.166094768135533,2.166094768135533,2.166094768135533,2.166094768135533,2.166094768135533,0.9333953250138375,0.9333953250138375,0.9333953250138375,54.70155809695678
16.983436688382035,38.96625063875973,66.76695668197746,16.983436688382035,16.983436688382035,0.9396600835529203,0.9396600835529203,0.9396600835529203,2.0687734885441773,2.0687734885441773,2.0687734885441773,2.0687734885441773,2.0687734885441773,2.0687734885441773,0.9396600835529203,0.9396600835529203,0.9396600835529203,53.05798033722823
16.984386524797156,36.89621104330979,63.70410976529756,16.984386524797156,16.984386524797156,0.9447835172005935,0.9447835172005935,0.9447835172005935,1.9037016826643245,1.9037016826643245,1.9037016826643245,1.9037016826643245,1.9037016826643245,1.9037016826643245,0.9447835172005935,0.9447835172005935,0.9447835172005935,50.26237524827537
16.985336361212276,33.511433946400714,59.315796207934866,16.985336361212276,16.985336361212276,0.9487538034076812,0.9487538034076812,0.9487538034076812,1.6633730925289536,1.6633730925289536,1.6633730925289536,1.6633730925289536,1.6633730925289536,1.6633730925289536,0.9487538034076812,0.9487538034076812,0.9487538034076812,46.187041635414104
16.98628619762739,27.500098620811873,53.88530441079523,16.98628619762739,16.98628619762739,0.9515621221400954,0.9515621221400954,0.9515621221400954,1.3499664278845875,1.3499664278845875,1.3499664278845875,1.3499664278845875,1.3499664278845875,1.3499664278845875,0.9515621221400954,0.9515621221400954,0.9515621221400954,40.8687644210038
16.98723603404251,21.54404708758153,48.39235328484586,16.98723603404251,16.98723603404251,0.953202682294947,0.953202682294947,0.953202682294947,0.9782461470298639,0.9782461470298639,0.9782461470298639,0.9782461470298639,0.9782461470298639,0.9782461470298639,0.953202682294947,0.953202682294947,0.953202682294947,34.55813691532641
16.988185870457627,15.212218791714267,40.63026091303585,16.988185870457627,16.988185870457627,0.9536727387787461,0.9536727387787461,0.9536727387787461,0.5745941753652553,0.5745941753652553,0.5745941753652553,0.5745941753652553,0.5745941753652553,0.5745941753652553,0.9536727387787461,0.9536727387787461,0.9536727387787461,27.703171260423655
16.989135706872748,7.734526325508021,33.7462635949188,16.989135706872748,16.989135706872748,0.9529726002105157,0.9529726002105157,0.9529726002105157,0.17235493003002403,0.17235493003002403,0.17235493003002403,0.17235493003002403,0.17235493003002403,0.17235493003002403,0.9529726002105157,0.9529726002105157,0.9529726002105157,20.870269603111897
16.99008554328787,1.8477297515741034,27.804477287683998,16.99008554328787,16.99008554328787,0.9511056272245574,0.9511056272245574,0.9511056272245574,-0.1950610493490654,-0.1950610493490654,-0.1950610493490654,-0.1950610493490654,-0.1950610493490654,-0.1950610493490654,0.9511056272245574,0.9511056272245574,0.9511056272245574,14.627087255908307
16.99103537970299,-2.7909404326479916,22.31265645299013,16.99103537970299,16.99103537970299,0.9480782213740169,0.9480782213740169,0.9480782213740169,-0.5011514977165714,-0.5011514977165714,-0.5011514977165714,-0.5011514977165714,-0.5011514977165714,-0.5011514977165714,0.9480782213740169,0.9480782213740169,0.9480782213740169,9.424030772783599
16.991985216118106,-8.245429246116046,17.6264683940381,16.991985216118106,16.991985216118106,0.9438998046737389,0.9438998046737389,0.9438998046737389,-0.7312722399882954,-0.7312722399882954,-0.7312722399882954,-0.7312722399882954,-0.7312722399882954,-0.7312722399882954,0.9438998046737389,0.9438998046737389,0.9438998046737389,5.510117929953158
16.992935052533223,-10.597694363546287,15.78027218597999,16.992935052533223,16.992935052533223,0.9385827898469228,0.9385827898469228,0.9385827898469228,-0.8842372666748928,-0.8842372666748928,-0.8842372666748928,-0.8842372666748928,-0.8842372666748928,-0.8842372666748928,0.9385827898469228,0.9385827898469228,0.9385827898469228,2.9057313987441935
16.993884888948344,-11.508589938024013,14.686119177918282,16.993884888948344,16.993884888948344,0.9321425413639853,0.9321425413639853,0.9321425413639853,-0.9704168504390434,-0.9704168504390434,-0.9704168504390434,-0.9704168504390434,-0.9704168504390434,-0.9704168504390434,0.9321425413639853,0.9321425413639853,0.9321425413639853,1.4348751796554253
16.99483472536346,-12.059853580369463,13.399725699894947,16.99483472536346,16.99483472536346,0.9245973274142762,0.9245973274142762,0.9245973274142762,-1.0073039881534605,-1.0073039881534605,-1.0073039881534605,-1.0073039881534605,-1.0073039881534605,-1.0073039881534605,0.9245973274142762,0.9245973274142762,0.9245973274142762,0.8004672559102033
17.012881617250716,-13.406754903378973,13.868323156878482,17.012881617250716,17.012881617250716,0.6140952160114692,0.6140952160114692,0.6140952160114692,-1.0047859174034512,-1.0047859174034512,-1.0047859174034512,-1.0047859174034512,-1.0047859174034512,-1.0047859174034512,0.6140952160114692,0.6140952160114692,0.6140952160114692,0.5326729697966133
17.013831453665837,-12.012545573563404,14.92658077480744,17.013831453665837,17.013831453665837,0.5919869021779411,0.5919869021779411,0.5919869021779411,-0.9606865789983001,-0.9606865789983001,-0.9606865789983001,-0.9606865789983001,-0.9606865789983001,-0.9606865789983001,0.5919869021779411,0.5919869021779411,0.5919869021779411,1.2608588209678695
17.014781290080958,-9.188801598257935,15.839899293142548,17.014781290080958,17.014781290080958,0.5696590948601129,0.5696590948601129,0.5696590948601129,-0.8616325600003054,-0.8616325600003054,-0.8616325600003054,-0.8616325600003054,-0.8616325600003054,-0.8616325600003054,0.5696590948601129,0.5696590948601129,0.5696590948601129,2.923950824123316
17.015731126496075,-6.492125871565239,18.775440587895535,17.015731126496075,17.015731126496075,0.547166676640252,0.547166676640252,0.547166676640252,-0.6914031156163735,-0.6914031156163735,-0.6914031156163735,-0.6914031156163735,-0.6914031156163735,-0.6914031156163735,0.547166676640252,0.547166676640252,0.547166676640252,5.798168287786437
17.01668096291119,-4.007367762767465,22.92931839642797,17.01668096291119,17.01668096291119,0.5245644813992071,0.5245644813992071,0.5245644813992071,-0.4429880393487843,-0.4429880393487843,-0.4429880393487843,-0.4429880393487843,-0.4429880393487843,-0.4429880393487843,0.5245644813992071,0.5245644813992071,0.5245644813992071,10.003059308326588
17.01763079932631,2.4536875405739442,28.904349122251496,17.01763079932631,17.01763079932631,0.5019071269795408,0.5019071269795408,0.5019071269795408,-0.1222071645209164,-0.1222071645209164,-0.1222071645209164,-0.1222071645209164,-0.1222071645209164,-0.1222071645209164,0.5019071269795408,0.5019071269795408,0.5019071269795408,15.439861519456365
17.01858063574143,8.294502783718679,33.896400120295354,17.01858063574143,17.01858063574143,0.4792488486864221,0.4792488486864221,0.4792488486864221,0.25184462459982854,0.25184462459982854,0.25184462459982854,0.25184462459982854,0.25184462459982854,0.25184462459982854,0.4792488486864221,0.4792488486864221,0.4792488486864221,21.78386753585806
17.01953047215655,14.69898441714856,42.19931929090368,17.01953047215655,17.01953047215655,0.45664333424188064,0.45664333424188064,0.45664333424188064,0.6499958804316243,0.6499958804316243,0.6499958804316243,0.6499958804316243,0.6499958804316243,0.6499958804316243,0.45664333424188064,0.45664333424188064,0.45664333424188064,28.538798500180683
17.020480308571667,22.553290953193066,49.17078274504363,17.020480308571667,17.020480308571667,0.4341435606356734,0.4341435606356734,0.4341435606356734,1.039079267996394,1.039079267996394,1.039079267996394,1.039079267996394,1.039079267996394,1.039079267996394,0.4341435606356734,0.4341435606356734,0.4341435606356734,35.140252089185026
17.021430144986788,27.807787913188267,53.81830300780756,17.021430144986788,17.021430144986788,0.41180163333858727,0.41180163333858727,0.41180163333858727,1.3890903748457994,1.3890903748457994,1.3890903748457994,1.3890903748457994,1.3890903748457994,1.3890903748457994,0.41180163333858727,0.41180163333858727,0.41180163333858727,41.077536558836655
17.022379981401905,32.83691098470268,58.38517267343541,17.022379981401905,17.022379981401905,0.3896686285424884,0.3896686285424884,0.3896686285424884,1.6791735976495135,1.6791735976495135,1.6791735976495135,1.6791735976495135,1.6791735976495135,1.6791735976495135,0.3896686285424884,0.3896686285424884,0.3896686285424884,45.995579643872084
17.02332981781702,36.91348914527038,63.30294162969439,17.02332981781702,17.02332981781702,0.3677944387739987,0.3677944387739987,0.3677944387739987,1.9005330862159175,1.9005330862159175,1.9005330862159175,1.9005330862159175,1.9005330862159175,1.9005330862159175,0.3677944387739987,0.3677944387739987,0.3677944387739987,49.744525812918255
17.024279654232142,39.716556368306215,65.92983116735996,17.024279654232142,17.024279654232142,0.34622762240150745,0.34622762240150745,0.34622762240150745,2.0554156722415597,2.0554156722415597,2.0554156722415597,2.0554156722415597,2.0554156722415597,2.0554156722415597,0.34622762240150745,0.34622762240150745,0.34622762240150745,52.362478486565514
17.02522949064726,40.87858007939683,66.765673843159,17.02522949064726,17.02522949064726,0.3250152575572996,0.3250152575572996,0.3250152575572996,2.15269448096103,2.15269448096103,2.15269448096103,2.15269448096103,2.15269448096103,2.15269448096103,0.3250152575572996,0.3250152575572996,0.3250152575572996,54.00036230981588
17.02617932706238,41.65151536945648,67.64247953358881,17.02617932706238,17.02617932706238,0.3042028008900022,0.3042028008900022,0.3042028008900022,2.201791399999517,2.201791399999517,2.201791399999517,2.201791399999517,2.201791399999517,2.201791399999517,0.3042028008900022,0.3042028008900022,0.3042028008900022,54.818477345127896
17.0271291634775,42.72639644126723,67.4631733328485,17.0271291634775,17.0271291634775,0.28383395157609087,0.28383395157609087,0.28383395157609087,2.2072612318400084,2.2072612318400084,2.2072612318400084,2.2072612318400084,2.2072612318400084,2.2072612318400084,0.28383395157609087,0.28383395157609087,0.28383395157609087,54.894285207129876
17.02807899989262,41.80038403236708,66.69616662466892,17.02807899989262,17.02807899989262,0.263950521053964,0.263950521053964,0.263950521053964,2.166094768130695,2.166094768130695,2.166094768130695,2.166094768130695,2.166094768130695,2.166094768130695,0.263950521053964,0.263950521053964,0.263950521053964,54.17646235393015
17.029028836307734,39.07711380192669,64.89634601384829,17.029028836307734,17.029028836307734,0.24459230889764608,0.24459230889764608,0.24459230889764608,2.0687734885369067,2.0687734885369067,2.0687734885369067,2.0687734885369067,2.0687734885369067,2.0687734885369067,0.24459230889764608,0.24459230889764608,0.24459230889764608,52.502824537289314
17.029978672722855,37.86013378162575,64.25886023360478,17.029978672722855,17.029978672722855,0.22579698513662433,0.22579698513662433,0.22579698513662433,1.9037016826553352,1.9037016826553352,1.9037016826553352,1.9037016826553352,1.9037016826553352,1.9037016826553352,0.22579698513662433,0.22579698513662433,0.22579698513662433,49.67577471270645
17.030928509137972,32.53140844470407,58.46363566303,17.030928509137972,17.030928509137972,0.2075999794827705,0.2075999794827705,0.2075999794827705,1.663373092522541,1.663373092522541,1.663373092522541,1.663373092522541,1.663373092522541,1.663373092522541,0.2075999794827705,0.2075999794827705,0.2075999794827705,45.567316711395875
17.031878345553093,26.362832601381236,54.05518727296467,17.031878345553093,17.031878345553093,0.19003437780182467,0.19003437780182467,0.19003437780182467,1.3499664278747363,1.3499664278747363,1.3499664278747363,1.3499664278747363,1.3499664278747363,1.3499664278747363,0.19003437780182467,0.19003437780182467,0.19003437780182467,40.214376693498295
17.032828181968213,20.441090213684436,47.66805634081896,17.032828181968213,17.032828181968213,0.17313082604986169,0.17313082604986169,0.17313082604986169,0.9782461470150391,0.9782461470150391,0.9782461470150391,0.9782461470150391,0.9782461470150391,0.9782461470150391,0.17313082604986169,0.17313082604986169,0.17313082604986169,33.868257549797654
17.03377801838333,14.126641927977724,40.2895437597265,17.03377801838333,17.03377801838333,0.1569174421287495,0.1569174421287495,0.1569174421287495,0.5745941753538027,0.5745941753538027,0.5745941753538027,0.5745941753538027,0.5745941753538027,0.5745941753538027,0.1569174421287495,0.1569174421287495,0.1569174421287495,26.978205094144784
17.034727854798447,6.854280976949192,34.02603785151415,17.034727854798447,17.034727854798447,0.1414197358100231,0.1414197358100231,0.1414197358100231,0.17235493001855334,0.17235493001855334,0.17235493001855334,0.17235493001855334,0.17235493001855334,0.17235493001855334,0.1414197358100231,0.1414197358100231,0.1414197358100231,20.11216691790736
17.035677691213568,0.9198403992551701,26.81088611012684,17.035677691213568,17.035677691213568,0.12666053704401692,0.12666053704401692,0.12666053704401692,-0.19506104935962643,-0.19506104935962643,-0.19506104935962643,-0.19506104935962643,-0.19506104935962643,-0.19506104935962643,0.12666053704401692,0.12666053704401692,0.12666053704401692,13.83934106125709
17.036627527628685,-5.5304436313873575,22.50647945465381,17.036627527628685,17.036627527628685,0.11265993283983196,0.11265993283983196,0.11265993283983196,-0.5011514977237101,-0.5011514977237101,-0.5011514977237101,-0.5011514977237101,-0.5011514977237101,-0.5011514977237101,0.11265993283983196,0.11265993283983196,0.11265993283983196,8.611356058836414
17.037577364043802,-7.857226904795091,17.546590099802767,17.037577364043802,17.037577364043802,0.09943521296931762,0.09943521296931762,0.09943521296931762,-0.731272239992272,-0.731272239992272,-0.731272239992272,-0.731272239992272,-0.731272239992272,-0.731272239992272,0.09943521296931762,0.09943521296931762,0.09943521296931762,4.67790521396718
17.038527200458923,-10.97274826111405,15.186227397507945,17.038527200458923,17.038527200458923,0.08700082456472161,0.08700082456472161,0.08700082456472161,-0.8842372666799122,-0.8842372666799122,-0.8842372666799122,-0.8842372666799122,-0.8842372666799122,-0.8842372666799122,0.08700082456472161,0.08700082456472161,0.08700082456472161,2.05942730503851
17.039477036874043,-11.982259968397878,14.609051504204142,17.039477036874043,17.039477036874043,0.07536833585821023,0.07536833585821023,0.07536833585821023,-0.9704168504396034,-0.9704168504396034,-0.9704168504396034,-0.9704168504396034,-0.9704168504396034,-0.9704168504396034,0.07536833585821023,0.07536833585821023,0.07536833585821023,0.5794497334709994
0.0,0.0,0.0,0.0,0.0,0.0,0.0,0.0,0.0,0.0,0.0,0.0,0.0,0.0,0.0,0.0,0.0,0.0
0.0,0.0,0.0,0.0,0.0,0.0,0.0,0.0,0.0,0.0,0.0,0.0,0.0,0.0,0.0,0.0,0.0,0.0
17.059423601591536,-12.488412633001818,13.0786080454135,17.059423601591536,17.059423601591536,0.006421122451492231,0.006421122451492231,0.006421122451492231,-0.960686579003655,-0.960686579003655,-0.960686579003655,-0.960686579003655,-0.960686579003655,-0.960686579003655,0.006421122451492231,0.006421122451492231,0.006421122451492231,0.6770854244558452
17.060373438006653,-11.098500147617397,15.564428893337995,17.060373438006653,17.060373438006653,0.009676569972572551,0.009676569972572551,0.009676569972572551,-0.8616325600106874,-0.8616325600106874,-0.8616325600106874,-0.8616325600106874,-0.8616325600106874,-0.8616325600106874,0.009676569972572551,0.009676569972572551,0.009676569972572551,2.37027676785122
17.061323274421774,-7.592418782999963,18.48710031150425,17.061323274421774,17.061323274421774,0.013258285938459746,0.013258285938459746,0.013258285938459746,-0.6914031156080498,-0.6914031156080498,-0.6914031156080498,-0.6914031156080498,-0.6914031156080498,-0.6914031156080498,0.013258285938459746,0.013258285938459746,0.013258285938459746,5.2783294920288855
17.06227311083689,-3.947882452628349,22.717372044162552,17.06227311083689,17.06227311083689,0.017121119973777067,0.017121119973777067,0.017121119973777067,-0.4429880393712432,-0.4429880393712432,-0.4429880393712432,-0.4429880393712432,-0.4429880393712432,-0.4429880393712432,0.017121119973777067,0.017121119973777067,0.017121119973777067,9.52101131822435
17.06322294725201,2.6807117658387467,27.49642970059893,17.06322294725201,17.06322294725201,0.021218913694706118,0.021218913694706118,0.021218913694706118,-0.12220716454845734,-0.12220716454845734,-0.12220716454845734,-0.12220716454845734,-0.12220716454845734,-0.12220716454845734,0.021218913694706118,0.021218913694706118,0.021218913694706118,14.999193766504877
17.064172783667132,8.027814849300256,34.00872202469675,17.064172783667132,17.064172783667132,0.02550465785471154,0.02550465785471154,0.02550465785471154,0.25184462461059043,0.25184462461059043,0.25184462461059043,0.25184462461059043,0.25184462461059043,0.25184462461059043,0.02550465785471154,0.02550465785471154,0.02550465785471154,21.38719763051475
17.065122620082246,15.649062151457331,40.27377374021873,17.065122620082246,17.065122620082246,0.029930652201869346,0.029930652201869346,0.029930652201869346,0.6499958804003616,0.6499958804003616,0.6499958804003616,0.6499958804003616,0.6499958804003616,0.6499958804003616,0.029930652201869346,0.029930652201869346,0.029930652201869346,28.1873126738646
17.066072456497366,20.95274198524962,48.98307459171244,17.066072456497366,17.066072456497366,0.034448667568249776,0.034448667568249776,0.034448667568249776,1.039079267967103,1.039079267967103,1.039079267967103,1.039079267967103,1.039079267967103,1.039079267967103,0.034448667568249776,0.034448667568249776,0.034448667568249776,34.83352319923643
17.067022292912483,27.101611724914996,53.9753240073789,17.067022292912483,17.067022292912483,0.03901010969206426,0.03901010969206426,0.03901010969206426,1.3890903748575019,1.3890903748575019,1.3890903748575019,1.3890903748575019,1.3890903748575019,1.3890903748575019,0.03901010969206426,0.03901010969206426,0.03901010969206426,40.81366879716769
17.067972129327604,33.21389148314004,59.28607551195428,17.067972129327604,17.067972129327604,0.043566184177175823,0.043566184177175823,0.043566184177175823,1.6791735976294477,1.6791735976294477,1.6791735976294477,1.6791735976294477,1.6791735976294477,1.6791735976294477,0.043566184177175823,0.043566184177175823,0.043566184177175823,45.771626478146956
17.068921965742724,36.89165694246369,63.56266135724626,17.068921965742724,17.068921965742724,0.04806806218459027,0.04806806218459027,0.04806806218459027,1.900533086221738,1.900533086221738,1.900533086221738,1.900533086221738,1.900533086221738,1.900533086221738,0.04806806218459027,0.04806806218459027,0.04806806218459027,49.55704096995835
17.069871802157845,39.74152400207328,65.97651191678851,17.069871802157845,17.069871802157845,0.05246704619361691,0.05246704619361691,0.05246704619361691,2.0554156722418666,2.0554156722418666,2.0554156722418666,2.0554156722418666,2.0554156722418666,2.0554156722418666,0.05246704619361691,0.05246704619361691,0.05246704619361691,52.208020873666214
17.07082163857296,40.77219978037593,66.41795574815762,17.07082163857296,17.07082163857296,0.056714735458391834,0.056714735458391834,0.056714735458391834,2.1526944809554,2.1526944809554,2.1526944809554,2.1526944809554,2.1526944809554,2.1526944809554,0.056714735458391834,0.056714735458391834,0.056714735458391834,53.87579990076137
17.07177147498808,41.6017661767608,67.557067472286,17.07177147498808,17.07177147498808,0.06076319046489356,0.06076319046489356,0.06076319046489356,2.2017914000009946,2.2017914000009946,2.2017914000009946,2.2017914000009946,2.2017914000009946,2.2017914000009946,0.06076319046489356,0.06076319046489356,0.06076319046489356,54.72101428186402
17.0727213114032,42.02780245458834,68.2114827239044,17.0727213114032,17.0727213114032,0.06456509603234215,0.06456509603234215,0.06456509603234215,2.2072612318381917,2.2072612318381917,2.2072612318381917,2.2072612318381917,2.2072612318381917,2.2072612318381917,0.06456509603234215,0.06456509603234215,0.06456509603234215,54.82124228007351
17.073671147818317,40.78504762849107,68.60609340065619,17.073671147818317,17.073671147818317,0.06807392243011175,0.06807392243011175,0.06807392243011175,2.1660947681359657,2.1660947681359657,2.1660947681359657,2.1660947681359657,2.1660947681359657,2.1660947681359657,0.06807392243011175,0.06807392243011175,0.06807392243011175,54.12493481641167
17.074620984233434,39.017822239912846,65.99627978653206,17.074620984233434,17.074620984233434,0.07124408401854272,0.07124408401854272,0.07124408401854272,2.0687734885361952,2.0687734885361952,2.0687734885361952,2.0687734885361952,2.0687734885361952,2.0687734885361952,0.07124408401854272,0.07124408401854272,0.07124408401854272,52.469388287237905
17.075570820648554,36.637983253056156,61.840895282935534,17.075570820648554,17.075570820648554,0.07403109497126162,0.07403109497126162,0.07403109497126162,1.9037016826487085,1.9037016826487085,1.9037016826487085,1.9037016826487085,1.9037016826487085,1.9037016826487085,0.07403109497126162,0.07403109497126162,0.07403109497126162,49.65639481907566
17.076520657063675,32.82689234139806,58.69353204636275,17.076520657063675,17.076520657063675,0.07639172148640294,0.07639172148640294,0.07639172148640294,1.6633730925443355,1.6633730925443355,1.6633730925443355,1.6633730925443355,1.6633730925443355,1.6633730925443355,0.07639172148640294,0.07639172148640294,0.07639172148640294,45.55753735378732
17.07747049347879,27.994988977866377,53.44985158422683,17.07747049347879,17.07747049347879,0.07828413009861875,0.07828413009861875,0.07828413009861875,1.3499664278639967,1.3499664278639967,1.3499664278639967,1.3499664278639967,1.3499664278639967,1.3499664278639967,0.07828413009861875,0.07828413009861875,0.07828413009861875,40.209766462611775
17.07842032989391,21.078783179343855,47.037139770803144,17.07842032989391,17.07842032989391,0.07966803153727393,0.07966803153727393,0.07966803153727393,0.978246147000215,0.978246147000215,0.978246147000215,0.978246147000215,0.978246147000215,0.978246147000215,0.07966803153727393,0.07966803153727393,0.07966803153727393,33.86498724600004
17.07937016630903,13.456416119363023,40.471928321783075,17.07937016630903,17.07937016630903,0.08050481974894377,0.08050481974894377,0.08050481974894377,0.5745941753388181,0.5745941753388181,0.5745941753388181,0.5745941753388181,0.5745941753388181,0.5745941753388181,0.08050481974894377,0.08050481974894377,0.08050481974894377,26.973581602074724
17.080320002724147,6.7509193229746005,32.714011060864735,17.080320002724147,17.080320002724147,0.08075770558899201,0.08075770558899201,0.08075770558899201,0.1723549300051287,0.1723549300051287,0.1723549300051287,0.1723549300051287,0.1723549300051287,0.1723549300051287,0.08075770558899201,0.08075770558899201,0.08075770558899201,20.10495506684786
17.081269839139267,-0.00981028261325683,27.531987260387385,17.081269839139267,17.081269839139267,0.08039184477121794,0.08039184477121794,0.08039184477121794,-0.1950610493706194,-0.1950610493706194,-0.1950610493706194,-0.1950610493706194,-0.1950610493706194,-0.1950610493706194,0.08039184477121794,0.08039184477121794,0.08039184477121794,13.829771264505267
17.082219675554388,-4.279796806658196,21.94615652134687,17.082219675554388,17.082219675554388,0.07937445967303283,0.07937445967303283,0.07937445967303283,-0.501151497730849,-0.501151497730849,-0.501151497730849,-0.501151497730849,-0.501151497730849,-0.501151497730849,0.07937445967303283,0.07937445967303283,0.07937445967303283,8.600814160255963
17.0831695119695,-7.638804325617728,17.825245548011672,17.0831695119695,17.0831695119695,0.07767495463203587,0.07767495463203587,0.07767495463203587,-0.7312722399997529,-0.7312722399997529,-0.7312722399997529,-0.7312722399997529,-0.7312722399997529,-0.7312722399997529,0.07767495463203587,0.07767495463203587,0.07767495463203587,4.668396831288114
17.084119348384622,-12.003251683000995,14.489789867870295,17.084119348384622,17.084119348384622,0.07526502429216726,0.07526502429216726,0.07526502429216726,-0.8842372666852123,-0.8842372666852123,-0.8842372666852123,-0.8842372666852123,-0.8842372666852123,-0.8842372666852123,0.07526502429216726,0.07526502429216726,0.07526502429216726,2.052969376337221
17.085069184799742,-12.947614173619131,13.22210649909249,17.085069184799742,17.085069184799742,0.07211875475636045,0.07211875475636045,0.07211875475636045,-0.9704168504416755,-0.9704168504416755,-0.9704168504416755,-0.9704168504416755,-0.9704168504416755,-0.9704168504416755,0.07211875475636045,0.07211875475636045,0.07211875475636045,0.577548911664613
0.0,0.0,0.0,0.0,0.0,0.0,0.0,0.0,0.0,0.0,0.0,0.0,0.0,0.0,0.0,0.0,0.0,0.0
0.0,0.0,0.0,0.0,0.0,0.0,0.0,0.0,0.0,0.0,0.0,0.0,0.0,0.0,0.0,0.0,0.0,0.0
17.105015749517236,-13.3481752177064,13.518265059508455,17.105015749517236,17.1062445193587,-0.18105481724577513,-0.18105481724577513,-0.18105481724577513,-0.9606865790031185,-0.9606865790031185,-0.9606865790031185,-0.9606865790031185,-0.9606865790031185,-0.9606865790031185,-0.18105481724577513,-0.18105481724577513,-0.18105481724577513,0.4914018680732847
17.105965585932356,-10.30977720105492,15.285670865197922,17.105965585932356,17.107798817532498,-0.20138659714638876,-0.20138659714638876,-0.20138659714638876,-0.861632560005115,-0.861632560005115,-0.861632560005115,-0.861632560005115,-0.861632560005115,-0.861632560005115,-0.20138659714638876,-0.20138659714638876,-0.20138659714638876,2.165522069619674
17.106915422347477,-8.0414677865429,17.858897156379104,17.106915422347477,17.108796142164437,-0.22228479790610425,-0.22228479790610425,-0.22228479790610425,-0.6914031156244324,-0.6914031156244324,-0.6914031156244324,-0.6914031156244324,-0.6914031156244324,-0.6914031156244324,-0.22228479790610425,-0.22228479790610425,-0.22228479790610425,5.056856002706676
17.10786525876259,-2.875577089688801,22.141400930413393,17.10786525876259,17.109793466796376,-0.24370997930780888,-0.24370997930780888,-0.24370997930780888,-0.4429880393616699,-0.4429880393616699,-0.4429880393616699,-0.4429880393616699,-0.4429880393616699,-0.4429880393616699,-0.24370997930780888,-0.24370997930780888,-0.24370997930780888,9.285575590811915
17.10881509517771,2.3782764676234254,28.31140995191854,17.10881509517771,17.110901970970176,-0.2656206116377191,-0.2656206116377191,-0.2656206116377191,-0.12220716453804123,-0.12220716453804123,-0.12220716453804123,-0.12220716453804123,-0.12220716453804123,-0.12220716453804123,-0.2656206116377191,-0.2656206116377191,-0.2656206116377191,14.752374702152686
17.109764931592828,8.194691594866901,34.496383767114196,17.109764931592828,17.113273170496424,-0.2879731969814068,-0.2879731969814068,-0.2879731969814068,0.2518446245799218,0.2518446245799218,0.2518446245799218,0.2518446245799218,0.2518446245799218,0.2518446245799218,-0.2879731969814068,-0.2879731969814068,-0.2879731969814068,21.130794060459127
17.11071476800795,14.977161469580894,41.506476808018554,17.11071476800795,17.11439365611881,-0.3107223967552333,-0.3107223967552333,-0.3107223967552333,0.6499958804145431,0.6499958804145431,0.6499958804145431,0.6499958804145431,0.6499958804145431,0.6499958804145431,-0.3107223967552333,-0.3107223967552333,-0.3107223967552333,27.92188648140617
17.111664604423066,21.94594215567591,47.024895986799244,17.111664604423066,17.115407962489062,-0.3338211652698086,-0.3338211652698086,-0.3338211652698086,1.0390792679809788,1.0390792679809788,1.0390792679809788,1.0390792679809788,1.0390792679809788,1.0390792679809788,-0.3338211652698086,-0.3338211652698086,-0.3338211652698086,34.5582193702532
17.112614440838186,28.20829949306936,53.787240872566755,17.112614440838186,17.116422268859314,-0.3572208887966656,-0.3572208887966656,-0.3572208887966656,1.3890903748322365,1.3890903748322365,1.3890903748322365,1.3890903748322365,1.3890903748322365,1.3890903748322365,-0.3572208887966656,-0.3572208887966656,-0.3572208887966656,40.52636156002498
17.113564277253303,32.36162599668268,59.49708481955368,17.113564277253303,17.117436575229558,-0.38087152976455524,-0.38087152976455524,-0.38087152976455524,1.679173597638213,1.679173597638213,1.679173597638213,1.679173597638213,1.679173597638213,1.679173597638213,-0.38087152976455524,-0.38087152976455524,-0.38087152976455524,45.46933804333698
17.114514113668424,36.19801446081662,62.12935464287723,17.114514113668424,17.120912310123884,-0.4047217755510938,-0.4047217755510938,-0.4047217755510938,1.90053308620709,1.90053308620709,1.90053308620709,1.90053308620709,1.90053308620709,1.90053308620709,-0.4047217755510938,-0.4047217755510938,-0.4047217755510938,49.236492665502375
17.11546395008354,38.91048278875707,65.18412656949869,17.115322677483384,17.12196842356346,-0.4287191915484916,-0.4287191915484916,-0.4287191915484916,2.0554156722321264,2.0554156722321264,2.0554156722321264,2.0554156722321264,2.0554156722321264,2.0554156722321264,-0.4287191915484916,-0.4287191915484916,-0.4287191915484916,51.86613759906074
17.116413786498658,40.58495416197712,66.98595997982625,17.11554606819952,17.12302453700303,-0.45281037787439626,-0.45281037787439626,-0.45281037787439626,2.1526944809600206,2.1526944809600206,2.1526944809600206,2.1526944809600206,2.1526944809600206,2.1526944809600206,-0.45281037787439626,-0.45281037787439626,-0.45281037787439626,53.51001290064793
17.11736362291378,41.36190325301994,66.08292817357353,17.115894692174653,17.124080650442604,-0.4769411292958704,-0.4769411292958704,-0.4769411292958704,2.2017913999988696,2.2017913999988696,2.2017913999988696,2.2017913999988696,2.2017913999988696,2.2017913999988696,-0.4769411292958704,-0.4769411292958704,-0.4769411292958704,54.32928650920296
17.1183134593289,42.10090246669943,67.16371027755613,17.11638856146067,17.125136763882175,-0.5010565979431657,-0.5010565979431657,-0.5010565979431657,2.2072612318395,2.2072612318395,2.2072612318395,2.2072612318395,2.2072612318395,2.2072612318395,-0.5010565979431657,-0.5010565979431657,-0.5010565979431657,54.40184651463873
17.119263295744013,40.15746950516023,66.20158308843553,17.117326524525684,17.126192877321742,-0.5251014581739367,-0.5251014581739367,-0.5251014581739367,2.1660947681364173,2.1660947681364173,2.1660947681364173,2.1660947681364173,2.1660947681364173,2.1660947681364173,-0.5251014581739367,-0.5251014581739367,-0.5251014581739367,53.676108496830985
17.120213132159133,39.82155638303203,65.44161809139533,17.118264487590704,17.127248990761316,-0.5490200731358332,-0.5490200731358332,-0.5490200731358332,2.0687734885463307,2.0687734885463307,2.0687734885463307,2.0687734885463307,2.0687734885463307,2.0687734885463307,-0.5490200731358332,-0.5490200731358332,-0.5490200731358332,51.98903610509685
17.121162968574254,36.6592262879386,61.363478963425344,17.119202450655727,17.128305104200887,-0.5727566625427306,-0.5727566625427306,-0.5727566625427306,1.9037016826645388,1.9037016826645388,1.9037016826645388,1.9037016826645388,1.9037016826645388,1.9037016826645388,-0.5727566625427306,-0.5727566625427306,-0.5727566625427306,49.141993058480125
17.122112804989374,32.29439694243788,57.777408899647526,17.120140413720748,17.12936121764046,-0.5962554710785837,-0.5962554710785837,-0.5962554710785837,1.6633730925342582,1.6633730925342582,1.6633730925342582,1.6633730925342582,1.6633730925342582,1.6633730925342582,-0.5962554710785837,-0.5962554710785837,-0.5962554710785837,45.00631906106639
17.12306264140449,26.432073267702858,53.1127383881289,17.121078376785764,17.130417331080032,-0.6194609368930798,-0.6194609368930798,-0.6194609368930798,1.349966427891106,1.349966427891106,1.349966427891106,1.349966427891106,1.349966427891106,1.349966427891106,-0.6194609368930798,-0.6194609368930798,-0.6194609368930798,39.61916141308388
17.124012477819612,20.672466422862318,46.595874936100145,17.122016339850784,17.13143142761903,-0.6423178597740475,-0.6423178597740475,-0.6423178597740475,0.9782461469890409,0.9782461469890409,0.9782461469890409,0.9782461469890409,0.9782461469890409,0.9782461469890409,-0.6423178597740475,-0.6423178597740475,-0.6423178597740475,33.23319384546486
17.12496231423473,13.814836335861068,40.174882603777625,17.122954302915808,17.13263888486641,-0.6647715682912466,-0.6647715682912466,-0.6647715682912466,0.574594175370836,0.574594175370836,0.574594175370836,0.574594175370836,0.574594175370836,0.574594175370836,-0.6647715682912466,-0.6647715682912466,-0.6647715682912466,26.300094345147826
17.125912150649846,6.4728846992566575,32.42664677461937,17.123892265980825,17.133732378571093,-0.686768085573874,-0.686768085573874,-0.686768085573874,0.17235493003567995,0.17235493003567995,0.17235493003567995,0.17235493003567995,0.17235493003567995,0.17235493003567995,-0.686768085573874,-0.686768085573874,-0.686768085573874,19.390879455598427
17.126861987064967,0.8872660421078808,26.789279795075966,17.124830229045845,17.135710342029256,-0.7082542930496305,-0.7082542930496305,-0.7082542930496305,-0.19506104938298757,-0.19506104938298757,-0.19506104938298757,-0.19506104938298757,-0.19506104938298757,-0.19506104938298757,-0.7082542930496305,-0.7082542930496305,-0.7082542930496305,13.077824022180842
17.127811823480084,-4.761389579599713,20.41468968316995,17.12576819211086,17.136897924073175,-0.7291780917461144,-0.7291780917461144,-0.7291780917461144,-0.5011514977097455,-0.5011514977097455,-0.5011514977097455,-0.5011514977097455,-0.5011514977097455,-0.5011514977097455,-0.7291780917461144,-0.7291780917461144,-0.7291780917461144,7.815005183906237
17.128761659895204,-9.145403998429627,16.202256144474276,17.126706155175885,17.137917301477653,-0.7494885605532122,-0.7494885605532122,-0.7494885605532122,-0.7312722399848184,-0.7312722399848184,-0.7312722399848184,-0.7312722399848184,-0.7312722399848184,-0.7312722399848184,-0.7494885605532122,-0.7494885605532122,-0.7494885605532122,3.8534851921443503
17.12971149631032,-11.731228750376324,15.399225905944698,17.127644118240905,17.138936678882132,-0.7691361110664676,-0.7691361110664676,-0.7691361110664676,-0.8842372666869116,-0.8842372666869116,-0.8842372666869116,-0.8842372666869116,-0.8842372666869116,-0.8842372666869116,-0.7691361110664676,-0.7691361110664676,-0.7691361110664676,1.2138461126110485
0.0,0.0,0.0,0.0,0.0,0.0,0.0,0.0,0.0,0.0,0.0,0.0,0.0,0.0,0.0,0.0,0.0,0.0
0.0,0.0,0.0,0.0,0.0,0.0,0.0,0.0,0.0,0.0,0.0,0.0,0.0,0.0,0.0,0.0,0.0,0.0
0.0,0.0,0.0,0.0,0.0,0.0,0.0,0.0,0.0,0.0,0.0,0.0,0.0,0.0,0.0,0.0,0.0,0.0
0.0,0.0,0.0,0.0,0.0,0.0,0.0,0.0,0.0,0.0,0.0,0.0,0.0,0.0,0.0,0.0,0.0,0.0
17.151557733858056,-11.20868544288601,14.748667809671666,17.14578239276981,17.170518459182748,-0.9544286273897383,-0.9544286273897383,-0.9544286273897383,-0.8616325599992912,-0.8616325599992912,-0.8616325599992912,-0.8616325599992912,-0.8616325599992912,-0.8616325599992912,-0.9544286273897383,-0.9544286273897383,-0.9544286273897383,1.4187885082685585
17.152507570273173,-8.585391530368973,17.994068338244094,17.14662282011271,17.17212651368547,-0.9489236127736245,-0.9489236127736245,-0.9489236127736245,-0.6914031156163895,-0.6914031156163895,-0.6914031156163895,-0.6914031156163895,-0.6914031156163895,-0.6914031156163895,-0.9489236127736245,-0.9489236127736245,-0.9489236127736245,4.344286782778971
17.15345740668829,-4.6751401935256425,21.038305162935796,17.14746324745561,17.173654527017607,-0.9422809019270727,-0.9422809019270727,-0.9422809019270727,-0.44298803935045983,-0.44298803935045983,-0.44298803935045983,-0.44298803935045983,-0.44298803935045983,-0.44298803935045983,-0.9422809019270727,-0.9422809019270727,-0.9422809019270727,8.61240004009075
17.15440724310341,1.430325696248815,26.923216117745515,17.14830367479852,17.175182540349745,-0.9345190461978439,-0.9345190461978439,-0.9345190461978439,-0.12220716452670424,-0.12220716452670424,-0.12220716452670424,-0.12220716452670424,-0.12220716452670424,-0.12220716452670424,-0.9345190461978439,-0.9345190461978439,-0.9345190461978439,14.123496728589542
17.155357079518527,7.187287061936081,33.662068597044836,17.148160355761437,17.176710553681875,-0.9256594635128564,-0.9256594635128564,-0.9256594635128564,0.2518446245936567,0.2518446245936567,0.2518446245936567,0.2518446245936567,0.2518446245936567,0.2518446245936567,-0.9256594635128564,-0.9256594635128564,-0.9256594635128564,20.550182079467145
17.156306915933644,13.646057776080685,39.58267048706441,17.14791930594054,17.178238567014013,-0.9157263722318221,-0.9157263722318221,-0.9157263722318221,0.6499958804291892,0.6499958804291892,0.6499958804291892,0.6499958804291892,0.6499958804291892,0.6499958804291892,-0.9157263722318221,-0.9157263722318221,-0.9157263722318221,27.3921093624375
17.157256752348765,21.215635176520465,47.76102176679335,17.14608512117871,17.179499725700687,-0.9047467164522046,-0.9047467164522046,-0.9047467164522046,1.0390792679948544,1.0390792679948544,1.0390792679948544,1.0390792679948544,1.0390792679948544,1.0390792679948544,-0.9047467164522046,-0.9047467164522046,-0.9047467164522046,34.08025982292689
17.158206588763885,26.56226108401556,52.834004521558555,17.146655568406015,17.180573000041505,-0.8927500829468693,-0.8927500829468693,-0.8927500829468693,1.3890903748410643,1.3890903748410643,1.3890903748410643,1.3890903748410643,1.3890903748410643,1.3890903748410643,-0.8927500829468693,-0.8927500829468693,-0.8927500829468693,40.09975612780346
17.159156425179003,32.13622093152852,57.8302635268752,17.147196156477854,17.181646274382327,-0.8797686100455776,-0.8797686100455776,-0.8797686100455776,1.6791735976483722,1.6791735976483722,1.6791735976483722,1.6791735976483722,1.6791735976483722,1.6791735976483722,-0.8797686100455776,-0.8797686100455776,-0.8797686100455776,45.09259024221243
17.160106261594123,35.820430419803216,61.899180926369695,17.14695510665696,17.18271954872315,-0.8658368887452956,-0.8658368887452956,-0.8658368887452956,1.9005330862161658,1.9005330862161658,1.9005330862161658,1.9005330862161658,1.9005330862161658,1.9005330862161658,-0.8658368887452956,-0.8658368887452956,-0.8658368887452956,48.907619085993666
17.161056098009244,38.00651077963976,63.791718442161056,17.14714809396532,17.18379282306397,-0.8509918562907739,-0.8509918562907739,-0.8509918562907739,2.055415672239355,2.055415672239355,2.055415672239355,2.055415672239355,2.055415672239355,2.055415672239355,-0.8509918562907739,-0.8509918562907739,-0.8509918562907739,51.58316789774542
17.162005934424357,40.122097870759,65.05977143613426,17.147839001188846,17.184866097404786,-0.8352726826513094,-0.8352726826513094,-0.8352726826513094,2.1526944809596946,2.1526944809596946,2.1526944809596946,2.1526944809596946,2.1526944809596946,2.1526944809596946,-0.8352726826513094,-0.8352726826513094,-0.8352726826513094,53.27128870900589
17.162955770839478,40.66081931210167,66.84897385468852,17.14855473201336,17.18591903834453,-0.8187206502013474,-0.8187206502013474,-0.8187206502013474,2.201791399998839,2.201791399998839,2.201791399998839,2.201791399998839,2.201791399998839,2.201791399998839,-0.8187206502013474,-0.8187206502013474,-0.8187206502013474,54.13348353543294
17.1639056072546,39.92852562386544,67.06217307035605,17.14931260147288,17.19043221200228,-0.8013790269705976,-0.8013790269705976,-0.8013790269705976,2.2072612318395266,2.2072612318395266,2.2072612318395266,2.2072612318395266,2.2072612318395266,2.2072612318395266,-0.8013790269705976,-0.8013790269705976,-0.8013790269705976,54.24775001413014
17.164855443669715,41.175253794975504,66.94024249413462,17.15007047093239,17.19179315483624,-0.7832929338841844,-0.7832929338841844,-0.7832929338841844,2.1660947681315794,2.1660947681315794,2.1660947681315794,2.1660947681315794,2.1660947681315794,2.1660947681315794,-0.7832929338841844,-0.7832929338841844,-0.7832929338841844,53.56226608205336
17.165805280084836,38.445815276805206,64.24077204710684,17.15082834039191,17.19312669685265,-0.7645092064327499,-0.7645092064327499,-0.7645092064327499,2.0687734885390605,2.0687734885390605,2.0687734885390605,2.0687734885390605,2.0687734885390605,2.0687734885390605,-0.7645092064327499,-0.7645092064327499,-0.7645092064327499,51.91345894651542
17.166755116499953,35.49763315523252,61.55226436041137,17.151595989298436,17.19446023886906,-0.7450762511159685,-0.7450762511159685,-0.7450762511159685,1.9037016826579118,1.9037016826579118,1.9037016826579118,1.9037016826579118,1.9037016826579118,1.9037016826579118,-0.7450762511159685,-0.7450762511159685,-0.7450762511159685,49.10205946644126
17.16770495291507,32.388512887418976,57.24500265615369,17.154376444599922,17.195793780885467,-0.7250438972341515,-0.7250438972341515,-0.7250438972341515,1.6633730925242451,1.6633730925242451,1.6633730925242451,1.6633730925242451,1.6633730925242451,1.6633730925242451,-0.7250438972341515,-0.7250438972341515,-0.7250438972341515,44.99895953475506
17.16865478933019,27.772467634705578,52.81242617231126,17.154447886997538,17.197121492540113,-0.7044632443861603,-0.7044632443861603,-0.7044632443861603,1.349966427878106,1.349966427878106,1.349966427878106,1.349966427878106,1.349966427878106,1.349966427878106,-0.7044632443861603,-0.7044632443861603,-0.7044632443861603,39.641299122368444
17.169604625745308,20.498419758801344,46.684336168089075,17.15451932939515,17.198401686122438,-0.6833865062123221,-0.6833865062123221,-0.6833865062123221,0.9782461470198142,0.9782461470198142,0.9782461470198142,0.9782461470198142,0.9782461470198142,0.9782461470198142,-0.6833865062123221,-0.6833865062123221,-0.6833865062123221,33.28231769052191
17.17055446216043,13.417774902643256,39.103731050567326,17.15518030566813,17.199681879704766,-0.6618668508319274,-0.6618668508319274,-0.6618668508319274,0.5745941753558512,0.5745941753558512,0.5745941753558512,0.5745941753558512,0.5745941753558512,0.5745941753558512,-0.6618668508319274,-0.6618668508319274,-0.6618668508319274,26.374788192916302
17.17150429857555,5.397919328605807,32.08711150247411,17.156076384760553,17.200962073287094,-0.6399582385478567,-0.6399582385478567,-0.6399582385478567,0.17235493002179078,0.17235493002179078,0.17235493002179078,0.17235493002179078,0.17235493002179078,0.17235493002179078,-0.6399582385478567,-0.6399582385478567,-0.6399582385478567,19.491139481777562
17.172454134990666,0.2529378097400218,26.006536612500447,17.156972463852977,17.20224226686942,-0.6177152571890069,-0.6177152571890069,-0.6177152571890069,-0.19506104935633206,-0.19506104935633206,-0.19506104935633206,-0.19506104935633206,-0.19506104935633206,-0.19506104935633206,-0.6177152571890069,-0.6177152571890069,-0.6177152571890069,13.205061954206897
17.173403971405783,-4.852118940273665,21.146095071354686,17.157868542945398,17.20352246045174,-0.5951929557768284,-0.5951929557768284,-0.5951929557768284,-0.5011514977195238,-0.5011514977195238,-0.5011514977195238,-0.5011514977195238,-0.5011514977195238,-0.5011514977195238,-0.5951929557768284,-0.5951929557768284,-0.5951929557768284,7.971733894416528
17.1743538078209,-7.657249901366977,17.142861894894796,17.158764622037822,17.204802654034065,-0.57244667692887,-0.57244667692887,-0.57244667692887,-0.7312722399925505,-0.7312722399925505,-0.7312722399925505,-0.7312722399925505,-0.7312722399925505,-0.7312722399925505,-0.57244667692887,-0.57244667692887,-0.57244667692887,4.042778951422251
17.17530364423602,-12.566395699681404,15.119551031020267,17.159660701130246,17.206082847616393,-0.5495318884911783,-0.5495318884911783,-0.5495318884911783,-0.884237266677741,-0.884237266677741,-0.884237266677741,-0.884237266677741,-0.884237266677741,-0.884237266677741,-0.5495318884911783,-0.5495318884911783,-0.5495318884911783,1.4387282070053384
0.0,0.0,0.0,0.0,0.0,0.0,0.0,0.0,0.0,0.0,0.0,0.0,0.0,0.0,0.0,0.0,0.0,0.0
0.0,0.0,0.0,0.0,0.0,0.0,0.0,0.0,0.0,0.0,0.0,0.0,0.0,0.0,0.0,0.0,0.0,0.0
