Skill Category,Specific Skills,Job A,Job B,Job C,Job D,Job E,Total Frequency,Priority Level,Personal Rating (1-5),Development Need
Cloud Platforms,AWS,,,,,,0,,,
Cloud Platforms,Azure,,,,,,0,,,
Cloud Platforms,Google Cloud Platform,,,,,,0,,,
Programming Languages,Java,,,,,,0,,,
Programming Languages,Python,,,,,,0,,,
Programming Languages,C#,,,,,,0,,,
Programming Languages,Go,,,,,,0,,,
Programming Languages,JavaScript,,,,,,0,,,
Architecture Patterns,Microservices,,,,,,0,,,
Architecture Patterns,Service-Oriented Architecture,,,,,,0,,,
Architecture Patterns,Event-Driven Architecture,,,,,,0,,,
Architecture Patterns,API Design,,,,,,0,,,
Database Technologies,SQL Databases,,,,,,0,,,
Database Technologies,NoSQL Databases,,,,,,0,,,
Database Technologies,Data Warehousing,,,,,,0,,,
Communication Skills,Technical Writing,,,,,,0,,,
Communication Skills,Presentation Skills,,,,,,0,,,
Communication Skills,Stakeholder Management,,,,,,0,,,
Leadership,Team Leadership,,,,,,0,,,
Leadership,Project Management,,,,,,0,,,
Leadership,Mentoring,,,,,,0,,,
Certifications,AWS Certified,,,,,,0,,,
Certifications,TOGAF,,,,,,0,,,
Certifications,Zachman Framework,,,,,,0,,,
Tools & Technologies,Docker,,,,,,0,,,
Tools & Technologies,Kubernetes,,,,,,0,,,
Tools & Technologies,CI/CD Pipelines,,,,,,0,,,
Industry Knowledge,Healthcare,,,,,,0,,,
Industry Knowledge,Financial Services,,,,,,0,,,
Industry Knowledge,E-commerce,,,,,,0,,,